{"cameraMode":{"drawMode":0,"name":"Shaded","section":"Shading Mode"},"sceneLighting":true,"audioPlay":false,"sceneViewState":{"showFog":true,"showMaterialUpdate":false,"showSkybox":true,"showFlares":true,"showImageEffects":true,"showParticleSystems":true},"in2DMode":false,"pivot":{"x":1.4404407739639283,"y":1.9377262592315674,"z":-4.15329122543335},"rotation":{"x":-0.012021304108202458,"y":-0.9860184192657471,"z":0.14479711651802064,"w":-0.08186845481395722},"size":5.107395172119141,"orthographic":false}