{"cameraMode":{"drawMode":0,"name":"Shaded","section":"Shading Mode"},"sceneLighting":false,"audioPlay":false,"sceneViewState":{"showFog":true,"showMaterialUpdate":false,"showSkybox":false,"showFlares":true,"showImageEffects":true,"showParticleSystems":true},"in2DMode":false,"pivot":{"x":3.9370646476745607,"y":0.47000235319137576,"z":-3.4798593521118166},"rotation":{"x":0.1362774521112442,"y":-0.03925382345914841,"z":0.005416300147771835,"w":0.9898920059204102},"size":0.8799363970756531,"orthographic":false}