{"cameraMode":{"drawMode":0,"name":"Shaded","section":"Shading Mode"},"sceneLighting":true,"audioPlay":false,"sceneViewState":{"showFog":true,"showMaterialUpdate":false,"showSkybox":true,"showFlares":true,"showImageEffects":true,"showParticleSystems":true},"in2DMode":false,"pivot":{"x":0.047565579414367679,"y":-12.066353797912598,"z":-59.53413772583008},"rotation":{"x":0.0011423076502978802,"y":-0.9923698902130127,"z":0.12299312651157379,"w":0.00922077614814043},"size":28.315874099731447,"orthographic":false}