{"cameraMode":{"drawMode":0,"name":"Shaded","section":"Shading Mode"},"sceneLighting":false,"audioPlay":false,"sceneViewState":{"showFog":true,"showMaterialUpdate":false,"showSkybox":false,"showFlares":true,"showImageEffects":true,"showParticleSystems":true},"in2DMode":false,"pivot":{"x":2.3330044746398927,"y":0.561467170715332,"z":-0.30063164234161379},"rotation":{"x":0.1362774521112442,"y":-0.03925382345914841,"z":0.005416300147771835,"w":0.9898920059204102},"size":0.770479679107666,"orthographic":false}