{"cameraMode":{"drawMode":0,"name":"Shaded","section":"Shading Mode"},"sceneLighting":false,"audioPlay":false,"sceneViewState":{"showFog":true,"showMaterialUpdate":false,"showSkybox":false,"showFlares":true,"showImageEffects":true,"showParticleSystems":true},"in2DMode":false,"pivot":{"x":-2.492000102996826,"y":-0.05399999022483826,"z":1.1689952611923218},"rotation":{"x":-0.19821545481681825,"y":0.374575674533844,"z":-0.08231217414140701,"w":-0.902013897895813},"size":0.4484246075153351,"orthographic":false}