{"cameraMode":{"drawMode":0,"name":"Shaded","section":"Shading Mode"},"sceneLighting":false,"audioPlay":false,"sceneViewState":{"showFog":true,"showMaterialUpdate":false,"showSkybox":false,"showFlares":true,"showImageEffects":true,"showParticleSystems":true},"in2DMode":false,"pivot":{"x":2.3330044746398927,"y":0.561467170715332,"z":-0.30063164234161379},"rotation":{"x":-0.005203681066632271,"y":0.9887533783912659,"z":-0.031073277816176416,"w":-0.1470208615064621},"size":0.770479679107666,"orthographic":false}