{"cameraMode":{"drawMode":0,"name":"Shaded","section":"Shading Mode"},"sceneLighting":false,"audioPlay":false,"sceneViewState":{"showFog":true,"showMaterialUpdate":false,"showSkybox":false,"showFlares":true,"showImageEffects":true,"showParticleSystems":true},"in2DMode":false,"pivot":{"x":-6.266485214233398,"y":1.0963882207870484,"z":0.024666309356689454},"rotation":{"x":0.07886424660682678,"y":-0.8928195834159851,"z":0.17054855823516847,"w":0.4096188545227051},"size":1.4210395812988282,"orthographic":false}