{"cameraMode":{"drawMode":0,"name":"Shaded","section":"Shading Mode"},"sceneLighting":true,"audioPlay":false,"sceneViewState":{"showFog":true,"showMaterialUpdate":false,"showSkybox":true,"showFlares":true,"showImageEffects":true,"showParticleSystems":true},"in2DMode":false,"pivot":{"x":-3.0384268760681154,"y":-0.9367131590843201,"z":-3.1631808280944826},"rotation":{"x":-0.011853579431772232,"y":0.98319011926651,"z":-0.16857865452766419,"w":-0.06913279742002487},"size":3.0796003341674806,"orthographic":false}