{"cameraMode":{"drawMode":0,"name":"Shaded","section":"Shading Mode"},"sceneLighting":true,"audioPlay":false,"sceneViewState":{"showFog":true,"showMaterialUpdate":false,"showSkybox":false,"showFlares":true,"showImageEffects":true,"showParticleSystems":true},"in2DMode":false,"pivot":{"x":-2.8046207427978517,"y":0.6282589435577393,"z":-0.07565650343894959},"rotation":{"x":-0.07090478390455246,"y":-0.9281940460205078,"z":0.23602251708507539,"w":-0.27889737486839297},"size":2.2143540382385256,"orthographic":false}