{"cameraMode":{"drawMode":0,"name":"Shaded","section":"Shading Mode"},"sceneLighting":true,"audioPlay":false,"sceneViewState":{"showFog":true,"showMaterialUpdate":false,"showSkybox":true,"showFlares":true,"showImageEffects":true,"showParticleSystems":true},"in2DMode":false,"pivot":{"x":11.807878494262696,"y":-3.067420244216919,"z":-2.517717123031616},"rotation":{"x":0.1459275484085083,"y":0.8025228977203369,"z":-0.22020937502384187,"w":0.5352435111999512},"size":5.812219142913818,"orthographic":false}