{"cameraMode":{"drawMode":0,"name":"Shaded","section":"Shading Mode"},"sceneLighting":true,"audioPlay":false,"sceneViewState":{"showFog":true,"showMaterialUpdate":false,"showSkybox":true,"showFlares":true,"showImageEffects":true,"showParticleSystems":true},"in2DMode":false,"pivot":{"x":-1.4658807516098023,"y":0.5472029447555542,"z":0.18405002355575562},"rotation":{"x":0.024572258815169336,"y":-0.5061901807785034,"z":0.01443033292889595,"w":0.8619509935379028},"size":1.733853816986084,"orthographic":false}