{"cameraMode":{"drawMode":0,"name":"Shaded","section":"Shading Mode"},"sceneLighting":true,"audioPlay":false,"sceneViewState":{"showFog":true,"showMaterialUpdate":false,"showSkybox":true,"showFlares":true,"showImageEffects":true,"showParticleSystems":true},"in2DMode":false,"pivot":{"x":-3.694687604904175,"y":0.3081414997577667,"z":-3.0458405017852785},"rotation":{"x":0.038684915751218799,"y":-0.9295955896377564,"z":0.10062458366155625,"w":0.352766752243042},"size":4.421039581298828,"orthographic":false}