{"cameraMode":{"drawMode":0,"name":"Shaded","section":"Shading Mode"},"sceneLighting":false,"audioPlay":false,"sceneViewState":{"showFog":true,"showMaterialUpdate":false,"showSkybox":false,"showFlares":true,"showImageEffects":true,"showParticleSystems":true},"in2DMode":false,"pivot":{"x":-6.255181312561035,"y":0.7653508186340332,"z":-0.665966272354126},"rotation":{"x":-0.04034211114048958,"y":-0.9519601464271545,"z":0.26746198534965517,"w":-0.1435861736536026},"size":1.4096825122833253,"orthographic":false}