{"cameraMode":{"drawMode":0,"name":"Shaded","section":"Shading Mode"},"sceneLighting":true,"audioPlay":false,"sceneViewState":{"showFog":true,"showMaterialUpdate":false,"showSkybox":false,"showFlares":true,"showImageEffects":true,"showParticleSystems":true},"in2DMode":false,"pivot":{"x":-1.7493934631347657,"y":1.42566978931427,"z":1.5755908489227296},"rotation":{"x":0.08827831596136093,"y":-0.447824627161026,"z":0.0444585345685482,"w":0.8886576294898987},"size":6.619922161102295,"orthographic":false}