{"cameraMode":{"drawMode":0,"name":"Shaded","section":"Shading Mode"},"sceneLighting":true,"audioPlay":false,"sceneViewState":{"showFog":true,"showMaterialUpdate":false,"showSkybox":false,"showFlares":true,"showImageEffects":true,"showParticleSystems":true},"in2DMode":false,"pivot":{"x":-0.0008227527141571045,"y":0.046391308307647708,"z":0.08385288715362549},"rotation":{"x":-0.3513989746570587,"y":0.21620839834213258,"z":0.08377987146377564,"w":0.9070715308189392},"size":0.4027901887893677,"orthographic":false}