{"cameraMode":{"drawMode":0,"name":"Shaded","section":"Shading Mode"},"sceneLighting":false,"audioPlay":false,"sceneViewState":{"showFog":true,"showMaterialUpdate":false,"showSkybox":false,"showFlares":true,"showImageEffects":true,"showParticleSystems":true},"in2DMode":false,"pivot":{"x":-0.38702887296676638,"y":0.27177006006240847,"z":0.18516772985458375},"rotation":{"x":0.06390530616044998,"y":0.8472632765769959,"z":-0.10473630577325821,"w":0.5168890953063965},"size":0.30450791120529177,"orthographic":false}