{"cameraMode":{"drawMode":0,"name":"Shaded","section":"Shading Mode"},"sceneLighting":false,"audioPlay":false,"sceneViewState":{"showFog":true,"showMaterialUpdate":false,"showSkybox":false,"showFlares":true,"showImageEffects":true,"showParticleSystems":true},"in2DMode":false,"pivot":{"x":0.04205042123794556,"y":0.31304895877838137,"z":0.08022202551364899},"rotation":{"x":0.0416322685778141,"y":-0.9415620565414429,"z":0.30930760502815249,"w":0.12673474848270417},"size":0.778037965297699,"orthographic":false}