{"cameraMode":{"drawMode":0,"name":"Shaded","section":"Shading Mode"},"sceneLighting":true,"audioPlay":false,"sceneViewState":{"showFog":true,"showMaterialUpdate":false,"showSkybox":true,"showFlares":true,"showImageEffects":true,"showParticleSystems":true},"in2DMode":false,"pivot":{"x":-0.1991795152425766,"y":1.0571041107177735,"z":0.6188303828239441},"rotation":{"x":0.19075141847133637,"y":0.6737092137336731,"z":-0.1864517629146576,"w":0.6892374157905579},"size":5.529451370239258,"orthographic":false}