{"cameraMode":{"drawMode":0,"name":"Shaded","section":"Shading Mode"},"sceneLighting":false,"audioPlay":false,"sceneViewState":{"showFog":true,"showMaterialUpdate":false,"showSkybox":false,"showFlares":true,"showImageEffects":true,"showParticleSystems":true},"in2DMode":false,"pivot":{"x":-0.06863188743591309,"y":0.33609849214553835,"z":-0.19551236927509309},"rotation":{"x":0.17086032032966615,"y":-0.6152578592300415,"z":0.13887616991996766,"w":0.7569559216499329},"size":0.8338539004325867,"orthographic":false}