{"cameraMode":{"drawMode":0,"name":"Shaded","section":"Shading Mode"},"sceneLighting":true,"audioPlay":false,"sceneViewState":{"showFog":true,"showMaterialUpdate":false,"showSkybox":false,"showFlares":true,"showImageEffects":true,"showParticleSystems":true},"in2DMode":false,"pivot":{"x":-4.286645889282227,"y":-1.9507588148117066,"z":-3.9521920680999758},"rotation":{"x":0.13043610751628877,"y":-0.09354618191719055,"z":0.012363102287054062,"w":0.9869600534439087},"size":1.3413164615631104,"orthographic":false}